club_id,club_slug,club_name,logo_url,country_name,season_id,competition_id,competition_slug,competition_name,club_division,source_url,_last_modified_at
10004,paris-fc,Paris FC (10004),https://tmssl.akamaized.net//images/wappen/head/10004.png?lm=1411995262,France,2008,FR1,ligue-1,Ligue 1,Ligue 1,https://www.transfermarkt.com/paris-fc/startseite/verein/10004/saison_id/2008,2025-09-13 10:06:09
1005,us-lecce,US Lecce (1005),https://tmssl.akamaized.net//images/wappen/head/1005.png?lm=1689169528,Italy,2023,IT1,serie-a,Serie A,Serie A,https://www.transfermarkt.com/us-lecce/startseite/verein/1005/saison_id/2023,2025-09-13 09:22:39
1025,fc-bologna,Bologna FC 1909 (1025),https://tmssl.akamaized.net//images/wappen/head/1025.png?lm=1626441324,Italy,2024,IT1,serie-a,Serie A,Serie A,https://www.transfermarkt.com/fc-bologna/startseite/verein/1025/saison_id/2024,2025-09-13 09:04:09
1041,olympique-lyon,Olympique Lyon (1041),https://tmssl.akamaized.net//images/wappen/head/1041.png?lm=1656668172,France,2024,FR1,ligue-1,Ligue 1,Ligue 1,https://www.transfermarkt.com/olympique-lyon/startseite/verein/1041/saison_id/2024,2025-09-13 10:24:27
1049,fc-valencia,Valencia CF (1049),https://tmssl.akamaized.net//images/wappen/head/1049.png?lm=1406966320,Spain,2023,ES1,laliga,LaLiga,LaLiga,https://www.transfermarkt.com/fc-valencia/startseite/verein/1049/saison_id/2023,2025-09-13 09:14:08
1047,como-1907,Como 1907 (1047),https://tmssl.akamaized.net//images/wappen/head/1047.png?lm=1565704078,Italy,2017,IT1,serie-a,Serie A,Serie A,https://www.transfermarkt.com/como-1907/startseite/verein/1047/saison_id/2017,2025-09-13 10:20:50
1050,fc-villarreal,Villarreal CF (1050),https://tmssl.akamaized.net//images/wappen/head/1050.png?lm=1408655310,Spain,2014,ES1,laliga,LaLiga,LaLiga,https://www.transfermarkt.com/fc-villarreal/startseite/verein/1050/saison_id/2014,2025-09-13 09:14:06
1082,losc-lille,LOSC Lille (1082),https://tmssl.akamaized.net//images/wappen/head/1082.png?lm=1529521041,France,2010,FR1,ligue-1,Ligue 1,Ligue 1,https://www.transfermarkt.com/losc-lille/startseite/verein/1082/saison_id/2010,2025-09-13 10:25:22
11,fc-arsenal,Arsenal FC (11),https://tmssl.akamaized.net//images/wappen/head/11.png?lm=1489787850,England,2004,GB1,premier-league,Premier League,Premier League,https://www.transfermarkt.com/fc-arsenal/startseite/verein/11/saison_id/2004,2025-09-13 09:22:44
1108,deportivo-alaves,Deportivo Alavés (1108),https://tmssl.akamaized.net//images/wappen/head/1108.png?lm=1596131395,Spain,2024,ES1,laliga,LaLiga,LaLiga,https://www.transfermarkt.com/deportivo-alaves/startseite/verein/1108/saison_id/2024,2025-09-13 09:14:07
1132,fc-burnley,Burnley FC (1132),https://tmssl.akamaized.net//images/wappen/head/1132.png?lm=1686818840,England,2000,GB1,premier-league,Premier League,Premier League,https://www.transfermarkt.com/fc-burnley/startseite/verein/1132/saison_id/2000,2025-09-13 10:15:03
1148,fc-brentford,Brentford FC (1148),https://tmssl.akamaized.net//images/wappen/head/1148.png?lm=1625150543,England,2003,GB1,premier-league,Premier League,Premier League,https://www.transfermarkt.com/fc-brentford/startseite/verein/1148/saison_id/2003,2025-09-13 10:19:12
1158,fc-lorient,FC Lorient (1158),https://tmssl.akamaized.net//images/wappen/head/1158.png?lm=1406642498,France,2023,FR1,ligue-1,Ligue 1,Ligue 1,https://www.transfermarkt.com/fc-lorient/startseite/verein/1158/saison_id/2023,2025-09-13 09:09:47
12,as-rom,AS Roma (12),https://tmssl.akamaized.net//images/wappen/head/12.png?lm=1751979202,Italy,2018,IT1,serie-a,Serie A,Serie A,https://www.transfermarkt.com/as-rom/startseite/verein/12/saison_id/2018,2025-09-13 09:04:09
12321,fc-girona,Girona FC (12321),https://tmssl.akamaized.net//images/wappen/head/12321.png?lm=1730455718,Spain,2018,ES1,laliga,LaLiga,LaLiga,https://www.transfermarkt.com/fc-girona/startseite/verein/12321/saison_id/2018,2025-09-13 09:14:07
1237,brighton-amp-hove-albion,Brighton & Hove Albion (1237),https://tmssl.akamaized.net//images/wappen/head/1237.png?lm=1492718902,England,2002,GB1,premier-league,Premier League,Premier League,https://www.transfermarkt.com/brighton-amp-hove-albion/startseite/verein/1237/saison_id/2002,2025-09-13 10:16:57
130,parma-calcio-1913,Parma Calcio 1913 (130),https://tmssl.akamaized.net//images/wappen/head/130.png?lm=1530945992,Italy,2018,IT1,serie-a,Serie A,Serie A,https://www.transfermarkt.com/parma-calcio-1913/startseite/verein/130/saison_id/2018,2025-09-13 09:04:09
13,atletico-madrid,Atlético de Madrid (13),https://tmssl.akamaized.net//images/wappen/head/13.png?lm=1719915566,Spain,2005,ES1,laliga,LaLiga,LaLiga,https://www.transfermarkt.com/atletico-madrid/startseite/verein/13/saison_id/2005,2025-09-13 09:14:07
131,fc-barcelona,FC Barcelona (131),https://tmssl.akamaized.net//images/wappen/head/131.png?lm=1406739548,Spain,2010,ES1,laliga,LaLiga,LaLiga,https://www.transfermarkt.com/fc-barcelona/startseite/verein/131/saison_id/2010,2025-09-13 09:16:51
1390,cagliari-calcio,Cagliari Calcio (1390),https://tmssl.akamaized.net//images/wappen/head/1390.png?lm=1626441409,Italy,2017,IT1,serie-a,Serie A,Serie A,https://www.transfermarkt.com/cagliari-calcio/startseite/verein/1390/saison_id/2017,2025-09-13 09:04:08
1420,sco-angers,Angers SCO (1420),https://tmssl.akamaized.net//images/wappen/head/1420.png?lm=1687525425,France,2018,FR1,ligue-1,Ligue 1,Ligue 1,https://www.transfermarkt.com/sco-angers/startseite/verein/1420/saison_id/2018,2025-09-13 10:18:03
148,tottenham-hotspur,Tottenham Hotspur (148),https://tmssl.akamaized.net//images/wappen/head/148.png?lm=1732011953,England,2013,GB1,premier-league,Premier League,Premier League,https://www.transfermarkt.com/tottenham-hotspur/startseite/verein/148/saison_id/2013,2025-09-13 09:22:43
150,real-betis-sevilla,Real Betis Balompié (150),https://tmssl.akamaized.net//images/wappen/head/150.png?lm=1663358526,Spain,2005,ES1,laliga,LaLiga,LaLiga,https://www.transfermarkt.com/real-betis-sevilla/startseite/verein/150/saison_id/2005,2025-09-13 09:14:07
15,bayer-04-leverkusen,Bayer 04 Leverkusen (15),https://tmssl.akamaized.net//images/wappen/head/15.png?lm=1710156317,Germany,2002,L1,bundesliga,Bundesliga,Bundesliga,https://www.transfermarkt.com/bayer-04-leverkusen/startseite/verein/15/saison_id/2002,2025-09-13 09:41:53
1531,fc-elche,Elche CF (1531),https://tmssl.akamaized.net//images/wappen/head/1531.png?lm=1421955260,Spain,2021,ES1,laliga,LaLiga,LaLiga,https://www.transfermarkt.com/fc-elche/startseite/verein/1531/saison_id/2021,2025-09-13 09:14:10
16,borussia-dortmund,Borussia Dortmund (16),https://tmssl.akamaized.net//images/wappen/head/16.png?lm=1396275280,Germany,2009,L1,bundesliga,Bundesliga,Bundesliga,https://www.transfermarkt.com/borussia-dortmund/startseite/verein/16/saison_id/2009,2025-09-13 09:41:54
162,as-monaco,AS Monaco (162),https://tmssl.akamaized.net//images/wappen/head/162.png?lm=1654781919,Monaco,2006,FR1,ligue-1,Ligue 1,Ligue 1,https://www.transfermarkt.com/as-monaco/startseite/verein/162/saison_id/2006,2025-09-13 10:13:46
167,fc-augsburg,FC Augsburg (167),https://tmssl.akamaized.net//images/wappen/head/167.png?lm=1656582897,Germany,2021,L1,bundesliga,Bundesliga,Bundesliga,https://www.transfermarkt.com/fc-augsburg/startseite/verein/167/saison_id/2021,2025-09-13 10:02:12
18,borussia-monchengladbach,Borussia Mönchengladbach (18),https://tmssl.akamaized.net//images/wappen/head/18.png?lm=1656585796,Germany,2018,L1,bundesliga,Bundesliga,Bundesliga,https://www.transfermarkt.com/borussia-monchengladbach/startseite/verein/18/saison_id/2018,2025-09-13 09:41:53
2036,1-fc-heidenheim-1846,1.FC Heidenheim 1846 (2036),https://tmssl.akamaized.net//images/wappen/head/2036.png?lm=1685457789,Germany,2016,L1,bundesliga,Bundesliga,Bundesliga,https://www.transfermarkt.com/1-fc-heidenheim-1846/startseite/verein/2036/saison_id/2016,2025-09-13 10:01:01
2239,us-cremonese,US Cremonese (2239),https://tmssl.akamaized.net//images/wappen/head/2239.png?lm=1501770762,Italy,2010,IT1,serie-a,Serie A,Serie A,https://www.transfermarkt.com/us-cremonese/startseite/verein/2239/saison_id/2010,2025-09-13 10:20:12
24,eintracht-frankfurt,Eintracht Frankfurt (24),https://tmssl.akamaized.net//images/wappen/head/24.png?lm=1700074979,Germany,2018,L1,bundesliga,Bundesliga,Bundesliga,https://www.transfermarkt.com/eintracht-frankfurt/startseite/verein/24/saison_id/2018,2025-09-13 09:58:04
237,rcd-mallorca,RCD Mallorca (237),https://tmssl.akamaized.net//images/wappen/head/237.png?lm=1407484750,Spain,2017,ES1,laliga,LaLiga,LaLiga,https://www.transfermarkt.com/rcd-mallorca/startseite/verein/237/saison_id/2017,2025-09-13 09:15:01
23826,rasenballsport-leipzig,RB Leipzig (23826),https://tmssl.akamaized.net//images/wappen/head/23826.png?lm=1619431624,Germany,2018,L1,bundesliga,Bundesliga,Bundesliga,https://www.transfermarkt.com/rasenballsport-leipzig/startseite/verein/23826/saison_id/2018,2025-09-13 09:58:18
244,olympique-marseille,Olympique Marseille (244),https://tmssl.akamaized.net//images/wappen/head/244.png?lm=1485642163,France,2000,FR1,ligue-1,Ligue 1,Ligue 1,https://www.transfermarkt.com/olympique-marseille/startseite/verein/244/saison_id/2000,2025-09-13 10:24:53
2497,real-oviedo,Real Oviedo (2497),https://tmssl.akamaized.net//images/wappen/head/2497.png?lm=1417193316,Spain,2002,ES1,laliga,LaLiga,LaLiga,https://www.transfermarkt.com/real-oviedo/startseite/verein/2497/saison_id/2002,2025-09-13 09:14:08
252,genua-cfc,Genoa CFC (252),https://tmssl.akamaized.net//images/wappen/head/252.png?lm=1655305880,Italy,2022,IT1,serie-a,Serie A,Serie A,https://www.transfermarkt.com/genua-cfc/startseite/verein/252/saison_id/2022,2025-09-13 09:04:10
27,fc-bayern-munchen,Bayern Munich (27),https://tmssl.akamaized.net//images/wappen/head/27.png?lm=1729503608,Germany,2000,L1,bundesliga,Bundesliga,Bundesliga,https://www.transfermarkt.com/fc-bayern-munchen/startseite/verein/27/saison_id/2000,2025-09-13 09:41:54
273,fc-stade-rennes,Stade Rennais FC (273),https://tmssl.akamaized.net//images/wappen/head/273.png?lm=1691503972,France,2021,FR1,ligue-1,Ligue 1,Ligue 1,https://www.transfermarkt.com/fc-stade-rennes/startseite/verein/273/saison_id/2021,2025-09-13 10:24:52
276,hellas-verona,Hellas Verona (276),https://tmssl.akamaized.net//images/wappen/head/276.png?lm=1617228746,Italy,2022,IT1,serie-a,Serie A,Serie A,https://www.transfermarkt.com/hellas-verona/startseite/verein/276/saison_id/2022,2025-09-13 09:04:10
281,manchester-city,Manchester City (281),https://tmssl.akamaized.net//images/wappen/head/281.png?lm=1467356331,England,2018,GB1,premier-league,Premier League,Premier League,https://www.transfermarkt.com/manchester-city/startseite/verein/281/saison_id/2018,2025-09-13 09:22:45
289,afc-sunderland,Sunderland AFC (289),https://tmssl.akamaized.net//images/wappen/head/289.png?lm=1485645633,England,2024,GB1,premier-league,Premier League,Premier League,https://www.transfermarkt.com/afc-sunderland/startseite/verein/289/saison_id/2024,2025-09-13 09:22:45
290,aj-auxerre,AJ Auxerre (290),https://tmssl.akamaized.net//images/wappen/head/290.png?lm=1635851977,France,2009,FR1,ligue-1,Ligue 1,Ligue 1,https://www.transfermarkt.com/aj-auxerre/startseite/verein/290/saison_id/2009,2025-09-13 10:16:59
29,fc-everton,Everton FC (29),https://tmssl.akamaized.net//images/wappen/head/29.png?lm=1445949846,England,2017,GB1,premier-league,Premier League,Premier League,https://www.transfermarkt.com/fc-everton/startseite/verein/29/saison_id/2017,2025-09-13 09:22:46
3,1-fc-koln,1.FC Köln (3),https://tmssl.akamaized.net//images/wappen/head/3.png?lm=1656580823,Germany,2005,L1,bundesliga,Bundesliga,Bundesliga,https://www.transfermarkt.com/1-fc-koln/startseite/verein/3/saison_id/2005,2025-09-13 09:58:43
31,fc-liverpool,Liverpool FC (31),https://tmssl.akamaized.net//images/wappen/head/31.png?lm=1727873452,England,2004,GB1,premier-league,Premier League,Premier League,https://www.transfermarkt.com/fc-liverpool/startseite/verein/31/saison_id/2004,2025-09-13 09:22:45
331,ca-osasuna,CA Osasuna (331),https://tmssl.akamaized.net//images/wappen/head/331.png?lm=1686070937,Spain,2024,ES1,laliga,LaLiga,LaLiga,https://www.transfermarkt.com/ca-osasuna/startseite/verein/331/saison_id/2024,2025-09-13 09:14:09
3368,ud-levante,Levante UD (3368),https://tmssl.akamaized.net//images/wappen/head/3368.png?lm=1408655062,Spain,2000,ES1,laliga,LaLiga,LaLiga,https://www.transfermarkt.com/ud-levante/startseite/verein/3368/saison_id/2000,2025-09-13 09:14:08
347,fc-metz,FC Metz (347),https://tmssl.akamaized.net//images/wappen/head/347.png?lm=1625391843,France,2003,FR1,ligue-1,Ligue 1,Ligue 1,https://www.transfermarkt.com/fc-metz/startseite/verein/347/saison_id/2003,2025-09-13 09:08:47
35,fc-st-pauli,FC St. Pauli (35),https://tmssl.akamaized.net//images/wappen/head/35.png?lm=1521036360,Germany,2014,L1,bundesliga,Bundesliga,Bundesliga,https://www.transfermarkt.com/fc-st-pauli/startseite/verein/35/saison_id/2014,2025-09-13 09:59:56
367,rayo-vallecano,Rayo Vallecano (367),https://tmssl.akamaized.net//images/wappen/head/367.png?lm=1653488445,Spain,2024,ES1,laliga,LaLiga,LaLiga,https://www.transfermarkt.com/rayo-vallecano/startseite/verein/367/saison_id/2024,2025-09-13 09:14:08
368,fc-sevilla,Sevilla FC (368),https://tmssl.akamaized.net//images/wappen/head/368.png?lm=1730896593,Spain,2015,ES1,laliga,LaLiga,LaLiga,https://www.transfermarkt.com/fc-sevilla/startseite/verein/368/saison_id/2015,2025-09-13 09:14:08
3709,fc-getafe,Getafe CF (3709),https://tmssl.akamaized.net//images/wappen/head/3709.png?lm=1408655116,Spain,2004,ES1,laliga,LaLiga,LaLiga,https://www.transfermarkt.com/fc-getafe/startseite/verein/3709/saison_id/2004,2025-09-13 09:14:08
379,west-ham-united,West Ham United (379),https://tmssl.akamaized.net//images/wappen/head/379.png?lm=1464675260,England,2022,GB1,premier-league,Premier League,Premier League,https://www.transfermarkt.com/west-ham-united/startseite/verein/379/saison_id/2022,2025-09-13 09:22:41
39,1-fsv-mainz-05,1.FSV Mainz 05 (39),https://tmssl.akamaized.net//images/wappen/head/39.png?lm=1564748880,Germany,2020,L1,bundesliga,Bundesliga,Bundesliga,https://www.transfermarkt.com/1-fsv-mainz-05/startseite/verein/39/saison_id/2020,2025-09-13 09:58:04
3911,stade-brest-29,Stade Brestois 29 (3911),https://tmssl.akamaized.net//images/wappen/head/3911.png?lm=1408780312,France,2010,FR1,ligue-1,Ligue 1,Ligue 1,https://www.transfermarkt.com/stade-brest-29/startseite/verein/3911/saison_id/2010,2025-09-13 10:18:32
398,lazio-rom,SS Lazio (398),https://tmssl.akamaized.net//images/wappen/head/398.png?lm=1601537785,Italy,2016,IT1,serie-a,Serie A,Serie A,https://www.transfermarkt.com/lazio-rom/startseite/verein/398/saison_id/2016,2025-09-13 09:04:09
399,leeds-united,Leeds United (399),https://tmssl.akamaized.net//images/wappen/head/399.png?lm=1645652224,England,2007,GB1,premier-league,Premier League,Premier League,https://www.transfermarkt.com/leeds-united/startseite/verein/399/saison_id/2007,2025-09-13 10:26:31
405,aston-villa,Aston Villa (405),https://tmssl.akamaized.net//images/wappen/head/405.png?lm=1717155982,England,2010,GB1,premier-league,Premier League,Premier League,https://www.transfermarkt.com/aston-villa/startseite/verein/405/saison_id/2010,2025-09-13 09:22:46
410,udinese-calcio,Udinese Calcio (410),https://tmssl.akamaized.net//images/wappen/head/410.png?lm=1688982584,Italy,2022,IT1,serie-a,Serie A,Serie A,https://www.transfermarkt.com/udinese-calcio/startseite/verein/410/saison_id/2022,2025-09-13 09:04:09
41,hamburger-sv,Hamburger SV (41),https://tmssl.akamaized.net//images/wappen/head/41.png?lm=1597319274,Germany,2005,L1,bundesliga,Bundesliga,Bundesliga,https://www.transfermarkt.com/hamburger-sv/startseite/verein/41/saison_id/2005,2025-09-13 09:41:54
415,fc-toulouse,FC Toulouse (415),https://tmssl.akamaized.net//images/wappen/head/415.png?lm=1740065124,France,2009,FR1,ligue-1,Ligue 1,Ligue 1,https://www.transfermarkt.com/fc-toulouse/startseite/verein/415/saison_id/2009,2025-09-13 09:08:47
416,fc-turin,Torino FC (416),https://tmssl.akamaized.net//images/wappen/head/416.png?lm=1438548174,Italy,2013,IT1,serie-a,Serie A,Serie A,https://www.transfermarkt.com/fc-turin/startseite/verein/416/saison_id/2013,2025-09-13 09:04:08
4172,ac-pisa-1909,Pisa Sporting Club (4172),https://tmssl.akamaized.net//images/wappen/head/4172.png?lm=1693294828,Italy,2019,IT1,serie-a,Serie A,Serie A,https://www.transfermarkt.com/ac-pisa-1909/startseite/verein/4172/saison_id/2019,2025-09-13 10:29:56
417,ogc-nizza,OGC Nice (417),https://tmssl.akamaized.net//images/wappen/head/417.png?lm=1408779490,France,2000,FR1,ligue-1,Ligue 1,Ligue 1,https://www.transfermarkt.com/ogc-nizza/startseite/verein/417/saison_id/2000,2025-09-13 10:25:39
418,real-madrid,Real Madrid (418),https://tmssl.akamaized.net//images/wappen/head/418.png?lm=1729684474,Spain,2009,ES1,laliga,LaLiga,LaLiga,https://www.transfermarkt.com/real-madrid/startseite/verein/418/saison_id/2009,2025-09-13 09:08:50
430,ac-florenz,ACF Fiorentina (430),https://tmssl.akamaized.net//images/wappen/head/430.png?lm=1722844765,Italy,2023,IT1,serie-a,Serie A,Serie A,https://www.transfermarkt.com/ac-florenz/startseite/verein/430/saison_id/2023,2025-09-13 09:04:10
46,inter-mailand,Inter Milan (46),https://tmssl.akamaized.net//images/wappen/head/46.png?lm=1618900989,Italy,2023,IT1,serie-a,Serie A,Serie A,https://www.transfermarkt.com/inter-mailand/startseite/verein/46/saison_id/2023,2025-09-13 09:04:10
5,ac-mailand,AC Milan (5),https://tmssl.akamaized.net//images/wappen/head/5.png?lm=1605166627,Italy,2023,IT1,serie-a,Serie A,Serie A,https://www.transfermarkt.com/ac-mailand/startseite/verein/5/saison_id/2023,2025-09-13 09:04:09
506,juventus-turin,Juventus FC (506),https://tmssl.akamaized.net//images/wappen/head/506.png?lm=1626441487,Italy,2002,IT1,serie-a,Serie A,Serie A,https://www.transfermarkt.com/juventus-turin/startseite/verein/506/saison_id/2002,2025-09-13 09:04:24
533,tsg-1899-hoffenheim,TSG 1899 Hoffenheim (533),https://tmssl.akamaized.net//images/wappen/head/533.png?lm=1675591766,Germany,2011,L1,bundesliga,Bundesliga,Bundesliga,https://www.transfermarkt.com/tsg-1899-hoffenheim/startseite/verein/533/saison_id/2011,2025-09-13 09:58:04
543,wolverhampton-wanderers,Wolverhampton Wanderers (543),https://tmssl.akamaized.net//images/wappen/head/543.png?lm=1467496784,England,2001,GB1,premier-league,Premier League,Premier League,https://www.transfermarkt.com/wolverhampton-wanderers/startseite/verein/543/saison_id/2001,2025-09-13 10:14:14
60,sc-freiburg,SC Freiburg (60),https://tmssl.akamaized.net//images/wappen/head/60.png?lm=1517249279,Germany,2023,L1,bundesliga,Bundesliga,Bundesliga,https://www.transfermarkt.com/sc-freiburg/startseite/verein/60/saison_id/2023,2025-09-13 09:58:04
583,fc-paris-saint-germain,Paris Saint-Germain (583),https://tmssl.akamaized.net//images/wappen/head/583.png?lm=1728026461,France,2019,FR1,ligue-1,Ligue 1,Ligue 1,https://www.transfermarkt.com/fc-paris-saint-germain/startseite/verein/583/saison_id/2019,2025-09-13 10:24:45
6195,ssc-neapel,SSC Napoli (6195),https://tmssl.akamaized.net//images/wappen/head/6195.png?lm=1753167643,Italy,2022,IT1,serie-a,Serie A,Serie A,https://www.transfermarkt.com/ssc-neapel/startseite/verein/6195/saison_id/2022,2025-09-13 09:04:09
621,athletic-bilbao,Athletic Bilbao (621),https://tmssl.akamaized.net//images/wappen/head/621.png?lm=1695069038,Spain,2007,ES1,laliga,LaLiga,LaLiga,https://www.transfermarkt.com/athletic-bilbao/startseite/verein/621/saison_id/2007,2025-09-13 09:15:21
631,fc-chelsea,Chelsea FC (631),https://tmssl.akamaized.net//images/wappen/head/631.png?lm=1682435911,England,2013,GB1,premier-league,Premier League,Premier League,https://www.transfermarkt.com/fc-chelsea/startseite/verein/631/saison_id/2013,2025-09-13 09:22:44
6574,us-sassuolo,US Sassuolo (6574),https://tmssl.akamaized.net//images/wappen/head/6574.png?lm=1755894334,Italy,2020,IT1,serie-a,Serie A,Serie A,https://www.transfermarkt.com/us-sassuolo/startseite/verein/6574/saison_id/2020,2025-09-13 09:04:09
667,rc-strassburg-alsace,RC Strasbourg Alsace (667),https://tmssl.akamaized.net//images/wappen/head/667.png?lm=1664991833,France,2005,FR1,ligue-1,Ligue 1,Ligue 1,https://www.transfermarkt.com/rc-strassburg-alsace/startseite/verein/667/saison_id/2005,2025-09-13 10:24:28
681,real-sociedad-san-sebastian,Real Sociedad (681),https://tmssl.akamaized.net//images/wappen/head/681.png?lm=1614795530,Spain,2021,ES1,laliga,LaLiga,LaLiga,https://www.transfermarkt.com/real-sociedad-san-sebastian/startseite/verein/681/saison_id/2021,2025-09-13 09:14:15
703,nottingham-forest,Nottingham Forest (703),https://tmssl.akamaized.net//images/wappen/head/703.png?lm=1598890289,England,2003,GB1,premier-league,Premier League,Premier League,https://www.transfermarkt.com/nottingham-forest/startseite/verein/703/saison_id/2003,2025-09-13 10:28:44
714,espanyol-barcelona,RCD Espanyol Barcelona (714),https://tmssl.akamaized.net//images/wappen/head/714.png?lm=1406966369,Spain,2024,ES1,laliga,LaLiga,LaLiga,https://www.transfermarkt.com/espanyol-barcelona/startseite/verein/714/saison_id/2024,2025-09-13 09:14:08
738,ac-le-havre,Le Havre AC (738),https://tmssl.akamaized.net//images/wappen/head/738.png?lm=1408780648,France,2005,FR1,ligue-1,Ligue 1,Ligue 1,https://www.transfermarkt.com/ac-le-havre/startseite/verein/738/saison_id/2005,2025-09-13 10:14:56
762,newcastle-united,Newcastle United (762),https://tmssl.akamaized.net//images/wappen/head/762.png?lm=1472921161,England,2023,GB1,premier-league,Premier League,Premier League,https://www.transfermarkt.com/newcastle-united/startseite/verein/762/saison_id/2023,2025-09-13 09:22:46
79,vfb-stuttgart,VfB Stuttgart (79),https://tmssl.akamaized.net//images/wappen/head/79.png?lm=1680587427,Germany,2003,L1,bundesliga,Bundesliga,Bundesliga,https://www.transfermarkt.com/vfb-stuttgart/startseite/verein/79/saison_id/2003,2025-09-13 09:41:54
800,atalanta-bergamo,Atalanta BC (800),https://tmssl.akamaized.net//images/wappen/head/800.png?lm=1438547428,Italy,2004,IT1,serie-a,Serie A,Serie A,https://www.transfermarkt.com/atalanta-bergamo/startseite/verein/800/saison_id/2004,2025-09-13 09:04:09
826,rc-lens,RC Lens (826),https://tmssl.akamaized.net//images/wappen/head/826.png?lm=1595457059,France,2020,FR1,ligue-1,Ligue 1,Ligue 1,https://www.transfermarkt.com/rc-lens/startseite/verein/826/saison_id/2020,2025-09-13 10:22:25
82,vfl-wolfsburg,VfL Wolfsburg (82),https://tmssl.akamaized.net//images/wappen/head/82.png?lm=1503060755,Germany,2017,L1,bundesliga,Bundesliga,Bundesliga,https://www.transfermarkt.com/vfl-wolfsburg/startseite/verein/82/saison_id/2017,2025-09-13 09:41:54
86,sv-werder-bremen,SV Werder Bremen (86),https://tmssl.akamaized.net//images/wappen/head/86.png?lm=1403082298,Germany,2011,L1,bundesliga,Bundesliga,Bundesliga,https://www.transfermarkt.com/sv-werder-bremen/startseite/verein/86/saison_id/2011,2025-09-13 09:41:54
873,crystal-palace,Crystal Palace (873),https://tmssl.akamaized.net//images/wappen/head/873.png?lm=1457723287,England,2009,GB1,premier-league,Premier League,Premier League,https://www.transfermarkt.com/crystal-palace/startseite/verein/873/saison_id/2009,2025-09-13 10:14:59
89,1-fc-union-berlin,1.FC Union Berlin (89),https://tmssl.akamaized.net//images/wappen/head/89.png?lm=1402956210,Germany,2006,L1,bundesliga,Bundesliga,Bundesliga,https://www.transfermarkt.com/1-fc-union-berlin/startseite/verein/89/saison_id/2006,2025-09-13 09:59:26
931,fc-fulham,Fulham FC (931),https://tmssl.akamaized.net//images/wappen/head/931.png?lm=1556831687,England,2002,GB1,premier-league,Premier League,Premier League,https://www.transfermarkt.com/fc-fulham/startseite/verein/931/saison_id/2002,2025-09-13 09:22:47
940,celta-vigo,Celta de Vigo (940),https://tmssl.akamaized.net//images/wappen/head/940.png?lm=1406966406,Spain,2024,ES1,laliga,LaLiga,LaLiga,https://www.transfermarkt.com/celta-vigo/startseite/verein/940/saison_id/2024,2025-09-13 09:14:08
985,manchester-united,Manchester United (985),https://tmssl.akamaized.net//images/wappen/head/985.png?lm=1457975903,England,2006,GB1,premier-league,Premier League,Premier League,https://www.transfermarkt.com/manchester-united/startseite/verein/985/saison_id/2006,2025-09-13 09:22:47
989,afc-bournemouth,AFC Bournemouth (989),https://tmssl.akamaized.net//images/wappen/head/989.png?lm=1457991811,England,2012,GB1,premier-league,Premier League,Premier League,https://www.transfermarkt.com/afc-bournemouth/startseite/verein/989/saison_id/2012,2025-09-13 10:17:07
995,fc-nantes,FC Nantes (995),https://tmssl.akamaized.net//images/wappen/head/995.png?lm=1581355747,France,2004,FR1,ligue-1,Ligue 1,Ligue 1,https://www.transfermarkt.com/fc-nantes/startseite/verein/995/saison_id/2004,2025-09-13 10:14:57
